view_id,agent_id,agent_file,page_brief,view_sections,content_paths,components,model,backend,execution_mode,shelved_components
home,page-about,.claude/agents/page-about.md,docs/page-briefs/home.md,"hero,thirukural,leadership","content/person/profile.json,content/person/collaborations.json","Hero.astro,ThirukuralQuote.astro,AboutLanding.astro,LeadershipPhilosophy.astro",haiku,claude,agent,
experience,page-experience,.claude/agents/page-experience.md,docs/page-briefs/experience.md,experience,content/work/experience.json,Experience.astro,haiku,claude,agent,
projects,page-projects,.claude/agents/page-projects.md,docs/page-briefs/projects.md,,,,"_shelved/src/components/sections/FeaturedCaseStudies.astro,_shelved/src/components/cards/ProjectCaseStudyCard.astro,_shelved/src/components/cards/PipelineStrip.astro,_shelved/content/work/projects.json",haiku,claude,agent,
research,page-research,.claude/agents/page-research.md,docs/page-briefs/research.md,"publications,conferences,speakers","content/research/publications.json,content/research/conferences.json,content/research/speakers.json","Publications.astro,Conferences.astro,Speakers.astro",haiku,claude,agent,_shelved/src/components/sections/GenerativeAI.astro
recognition,page-recognition,.claude/agents/page-recognition.md,docs/page-briefs/recognition.md,"awards,kaggle,education","content/recognition/awards.json,content/recognition/kaggle.json,content/recognition/education.json","Awards.astro,Kaggle.astro,Education.astro",haiku,claude,agent,
vision,page-vision,.claude/agents/page-vision.md,docs/page-briefs/vision.md,"vision-programs,vision-impact",content/work/vision-board.json,"VisionPrograms.astro,VisionImpact.astro,ThemeCard.astro",haiku,claude,agent,"_shelved/src/components/sections/Impact.astro"
contact,page-contact,.claude/agents/page-contact.md,docs/page-briefs/contact.md,contact,content/person/profile.json,Contact.astro,haiku,claude,agent,
_meta,design-guardian,.claude/agents/design-guardian.md,docs/design-direction.md,"global.css,ui/,cards/","src/styles/global.css,src/components/ui/,src/components/cards/",—,sonnet,claude,agent,
_meta,site-consistency-orchestrator,.claude/agents/site-consistency-orchestrator.md,docs/page-team.md,all,content/site.json,SectionRenderer.astro,sonnet,claude,agent,
